{"mean": [72.5147, 55.399, 41.813199999999995, 22.39747679057, 61.92108438846, 6.716338127604, 296.89913767437], "scale": [35.30761127448301, 12.526004111447511, 23.620115701664123, 5.516876222748955, 19.989600126999843, 0.6374448691604899, 351.5107228551125], "feature_names": ["N", "P", "K", "temperature", "humidity", "ph", "rainfall"]}