{"mean": [50.551818181818184, 53.36272727272727, 48.14909090909091, 25.616243851779544, 71.48177921778637, 6.469480065256364, 103.46365541576817], "scale": [36.90894257695227, 32.97838509495386, 50.636418345000635, 5.062597617195944, 22.25875105745574, 0.7737617731081714, 54.945896562329025]}